image_id,identity
3,LynxID2025_lynx_32
5,LynxID2025_lynx_49
12,LynxID2025_lynx_95
13,LynxID2025_lynx_05
18,LynxID2025_lynx_05
19,LynxID2025_lynx_62
27,LynxID2025_lynx_74
33,LynxID2025_lynx_62
36,LynxID2025_lynx_49
45,LynxID2025_lynx_43
46,LynxID2025_lynx_32
47,LynxID2025_lynx_49
48,LynxID2025_lynx_46
49,LynxID2025_lynx_45
55,LynxID2025_lynx_41
58,LynxID2025_lynx_49
61,LynxID2025_lynx_43
62,LynxID2025_lynx_93
63,LynxID2025_lynx_62
64,LynxID2025_lynx_45
65,LynxID2025_lynx_49
67,LynxID2025_lynx_49
68,LynxID2025_lynx_49
74,LynxID2025_lynx_62
81,LynxID2025_lynx_43
84,LynxID2025_lynx_32
85,LynxID2025_lynx_49
86,LynxID2025_lynx_43
89,LynxID2025_lynx_49
90,LynxID2025_lynx_32
94,new_individual
97,LynxID2025_lynx_62
98,LynxID2025_lynx_74
106,LynxID2025_lynx_05
113,LynxID2025_lynx_49
123,LynxID2025_lynx_43
124,LynxID2025_lynx_43
126,LynxID2025_lynx_62
131,LynxID2025_lynx_25
137,LynxID2025_lynx_43
139,LynxID2025_lynx_28
145,LynxID2025_lynx_49
150,LynxID2025_lynx_86
163,LynxID2025_lynx_95
166,LynxID2025_lynx_32
167,LynxID2025_lynx_95
168,LynxID2025_lynx_31
171,LynxID2025_lynx_77
173,LynxID2025_lynx_49
182,LynxID2025_lynx_49
183,LynxID2025_lynx_62
186,LynxID2025_lynx_49
188,LynxID2025_lynx_34
190,LynxID2025_lynx_62
192,LynxID2025_lynx_49
195,LynxID2025_lynx_62
202,LynxID2025_lynx_49
203,LynxID2025_lynx_45
205,LynxID2025_lynx_45
209,LynxID2025_lynx_95
210,LynxID2025_lynx_43
213,LynxID2025_lynx_32
216,LynxID2025_lynx_05
219,LynxID2025_lynx_62
221,LynxID2025_lynx_49
228,LynxID2025_lynx_49
231,LynxID2025_lynx_43
240,LynxID2025_lynx_25
242,LynxID2025_lynx_05
245,LynxID2025_lynx_95
264,LynxID2025_lynx_74
266,LynxID2025_lynx_74
273,LynxID2025_lynx_32
276,LynxID2025_lynx_25
280,LynxID2025_lynx_97
282,LynxID2025_lynx_62
286,LynxID2025_lynx_49
289,LynxID2025_lynx_45
293,LynxID2025_lynx_62
294,LynxID2025_lynx_45
296,LynxID2025_lynx_25
311,LynxID2025_lynx_49
312,LynxID2025_lynx_05
315,LynxID2025_lynx_25
338,LynxID2025_lynx_32
347,LynxID2025_lynx_49
357,LynxID2025_lynx_05
359,LynxID2025_lynx_95
361,LynxID2025_lynx_32
366,LynxID2025_lynx_46
368,LynxID2025_lynx_49
373,LynxID2025_lynx_49
375,LynxID2025_lynx_28
378,LynxID2025_lynx_62
380,LynxID2025_lynx_74
397,LynxID2025_lynx_46
411,LynxID2025_lynx_05
415,LynxID2025_lynx_32
422,LynxID2025_lynx_74
423,LynxID2025_lynx_49
424,LynxID2025_lynx_62
427,LynxID2025_lynx_49
429,LynxID2025_lynx_31
431,LynxID2025_lynx_62
432,LynxID2025_lynx_62
437,LynxID2025_lynx_62
439,LynxID2025_lynx_28
443,LynxID2025_lynx_74
454,LynxID2025_lynx_32
459,LynxID2025_lynx_05
465,LynxID2025_lynx_49
469,LynxID2025_lynx_45
470,LynxID2025_lynx_62
474,LynxID2025_lynx_43
475,LynxID2025_lynx_62
478,LynxID2025_lynx_49
479,LynxID2025_lynx_49
480,LynxID2025_lynx_05
481,LynxID2025_lynx_77
482,LynxID2025_lynx_32
491,LynxID2025_lynx_49
494,LynxID2025_lynx_49
500,LynxID2025_lynx_46
501,LynxID2025_lynx_49
507,LynxID2025_lynx_32
509,LynxID2025_lynx_62
512,LynxID2025_lynx_46
515,LynxID2025_lynx_74
516,LynxID2025_lynx_45
519,LynxID2025_lynx_05
520,LynxID2025_lynx_45
522,new_individual
524,LynxID2025_lynx_62
526,LynxID2025_lynx_43
530,LynxID2025_lynx_62
537,LynxID2025_lynx_98
544,LynxID2025_lynx_95
547,LynxID2025_lynx_74
549,LynxID2025_lynx_03
551,LynxID2025_lynx_32
552,LynxID2025_lynx_40
555,LynxID2025_lynx_32
559,LynxID2025_lynx_45
562,LynxID2025_lynx_05
565,LynxID2025_lynx_49
567,LynxID2025_lynx_49
569,LynxID2025_lynx_49
570,LynxID2025_lynx_62
573,LynxID2025_lynx_62
577,LynxID2025_lynx_74
578,LynxID2025_lynx_62
579,LynxID2025_lynx_05
580,LynxID2025_lynx_43
583,LynxID2025_lynx_62
584,LynxID2025_lynx_25
588,LynxID2025_lynx_86
589,LynxID2025_lynx_05
591,LynxID2025_lynx_45
592,LynxID2025_lynx_32
594,LynxID2025_lynx_62
595,LynxID2025_lynx_45
599,LynxID2025_lynx_49
602,LynxID2025_lynx_49
603,LynxID2025_lynx_86
611,LynxID2025_lynx_45
620,LynxID2025_lynx_43
625,LynxID2025_lynx_95
626,LynxID2025_lynx_05
628,LynxID2025_lynx_46
630,LynxID2025_lynx_49
636,LynxID2025_lynx_32
643,LynxID2025_lynx_49
645,LynxID2025_lynx_95
648,LynxID2025_lynx_45
649,LynxID2025_lynx_62
651,LynxID2025_lynx_31
655,LynxID2025_lynx_49
656,LynxID2025_lynx_32
662,LynxID2025_lynx_74
669,LynxID2025_lynx_62
670,LynxID2025_lynx_49
672,LynxID2025_lynx_77
673,LynxID2025_lynx_50
676,LynxID2025_lynx_32
678,new_individual
683,LynxID2025_lynx_62
685,LynxID2025_lynx_74
690,LynxID2025_lynx_25
694,LynxID2025_lynx_05
699,LynxID2025_lynx_62
704,LynxID2025_lynx_62
707,LynxID2025_lynx_28
711,LynxID2025_lynx_86
712,LynxID2025_lynx_97
713,LynxID2025_lynx_45
715,LynxID2025_lynx_49
719,LynxID2025_lynx_62
722,new_individual
724,LynxID2025_lynx_49
726,LynxID2025_lynx_49
730,LynxID2025_lynx_32
734,LynxID2025_lynx_43
735,LynxID2025_lynx_77
738,LynxID2025_lynx_62
739,LynxID2025_lynx_49
741,LynxID2025_lynx_32
749,LynxID2025_lynx_54
750,LynxID2025_lynx_49
751,LynxID2025_lynx_31
753,LynxID2025_lynx_41
760,LynxID2025_lynx_98
761,LynxID2025_lynx_49
764,LynxID2025_lynx_49
766,LynxID2025_lynx_49
770,LynxID2025_lynx_49
776,LynxID2025_lynx_49
781,LynxID2025_lynx_49
782,LynxID2025_lynx_62
784,LynxID2025_lynx_74
786,new_individual
787,LynxID2025_lynx_49
790,LynxID2025_lynx_62
791,LynxID2025_lynx_45
793,LynxID2025_lynx_25
794,LynxID2025_lynx_49
795,LynxID2025_lynx_49
797,LynxID2025_lynx_95
798,LynxID2025_lynx_62
800,LynxID2025_lynx_32
804,LynxID2025_lynx_05
808,LynxID2025_lynx_95
817,LynxID2025_lynx_62
819,LynxID2025_lynx_49
824,LynxID2025_lynx_74
840,LynxID2025_lynx_45
849,LynxID2025_lynx_40
855,LynxID2025_lynx_42
859,LynxID2025_lynx_74
865,LynxID2025_lynx_74
871,LynxID2025_lynx_49
872,LynxID2025_lynx_98
874,LynxID2025_lynx_31
881,LynxID2025_lynx_54
886,LynxID2025_lynx_49
887,LynxID2025_lynx_62
893,LynxID2025_lynx_05
897,LynxID2025_lynx_62
904,LynxID2025_lynx_43
907,LynxID2025_lynx_74
915,LynxID2025_lynx_49
917,LynxID2025_lynx_62
920,LynxID2025_lynx_25
939,LynxID2025_lynx_49
941,LynxID2025_lynx_31
945,LynxID2025_lynx_62
951,LynxID2025_lynx_49
962,LynxID2025_lynx_74
963,LynxID2025_lynx_49
964,LynxID2025_lynx_40
969,LynxID2025_lynx_62
980,LynxID2025_lynx_62
983,LynxID2025_lynx_86
985,LynxID2025_lynx_49
990,LynxID2025_lynx_74
991,LynxID2025_lynx_32
992,LynxID2025_lynx_46
994,LynxID2025_lynx_32
995,LynxID2025_lynx_86
1000,LynxID2025_lynx_62
1001,LynxID2025_lynx_88
1005,LynxID2025_lynx_49
1006,LynxID2025_lynx_46
1008,LynxID2025_lynx_62
1011,LynxID2025_lynx_74
1012,new_individual
1013,new_individual
1019,LynxID2025_lynx_74
1021,LynxID2025_lynx_49
1031,LynxID2025_lynx_95
1034,LynxID2025_lynx_74
1039,LynxID2025_lynx_62
1042,LynxID2025_lynx_45
1045,LynxID2025_lynx_31
1046,LynxID2025_lynx_25
1047,LynxID2025_lynx_49
1048,LynxID2025_lynx_49
1053,LynxID2025_lynx_62
1055,LynxID2025_lynx_95
1057,LynxID2025_lynx_25
1060,LynxID2025_lynx_62
1064,LynxID2025_lynx_32
1065,LynxID2025_lynx_50
1068,LynxID2025_lynx_28
1069,LynxID2025_lynx_32
1071,LynxID2025_lynx_25
1075,LynxID2025_lynx_49
1089,LynxID2025_lynx_98
1090,LynxID2025_lynx_49
1094,LynxID2025_lynx_32
1095,LynxID2025_lynx_32
1096,LynxID2025_lynx_43
1107,LynxID2025_lynx_62
1108,LynxID2025_lynx_50
1111,LynxID2025_lynx_95
1115,LynxID2025_lynx_62
1119,LynxID2025_lynx_74
1120,LynxID2025_lynx_05
1122,LynxID2025_lynx_95
1131,LynxID2025_lynx_62
1135,LynxID2025_lynx_62
1137,LynxID2025_lynx_45
1139,LynxID2025_lynx_46
1143,LynxID2025_lynx_05
1147,LynxID2025_lynx_62
1153,LynxID2025_lynx_05
1154,LynxID2025_lynx_49
1162,LynxID2025_lynx_49
1163,LynxID2025_lynx_49
1164,LynxID2025_lynx_25
1175,LynxID2025_lynx_95
1182,new_individual
1191,LynxID2025_lynx_74
1192,LynxID2025_lynx_74
1197,LynxID2025_lynx_74
1198,LynxID2025_lynx_62
1203,LynxID2025_lynx_54
1205,LynxID2025_lynx_28
1207,LynxID2025_lynx_62
1209,LynxID2025_lynx_95
1211,LynxID2025_lynx_49
1213,LynxID2025_lynx_46
1214,LynxID2025_lynx_05
1221,LynxID2025_lynx_05
1223,LynxID2025_lynx_95
1225,LynxID2025_lynx_49
1232,LynxID2025_lynx_32
1233,LynxID2025_lynx_31
1234,LynxID2025_lynx_49
1235,LynxID2025_lynx_49
1237,LynxID2025_lynx_95
1245,LynxID2025_lynx_32
1247,LynxID2025_lynx_32
1248,LynxID2025_lynx_49
1249,LynxID2025_lynx_86
1255,LynxID2025_lynx_95
1259,LynxID2025_lynx_74
1264,LynxID2025_lynx_62
1266,LynxID2025_lynx_45
1267,LynxID2025_lynx_46
1270,LynxID2025_lynx_43
1271,LynxID2025_lynx_25
1277,LynxID2025_lynx_43
1278,LynxID2025_lynx_32
1280,LynxID2025_lynx_49
1288,LynxID2025_lynx_25
1297,LynxID2025_lynx_56
1309,LynxID2025_lynx_49
1311,LynxID2025_lynx_86
1313,LynxID2025_lynx_46
1318,LynxID2025_lynx_95
1322,LynxID2025_lynx_62
1325,LynxID2025_lynx_49
1330,LynxID2025_lynx_62
1335,new_individual
1343,LynxID2025_lynx_49
1345,LynxID2025_lynx_36
1349,LynxID2025_lynx_49
1351,LynxID2025_lynx_62
1353,LynxID2025_lynx_49
1363,LynxID2025_lynx_32
1367,LynxID2025_lynx_50
1368,LynxID2025_lynx_25
1370,LynxID2025_lynx_32
1371,LynxID2025_lynx_45
1375,LynxID2025_lynx_32
1385,LynxID2025_lynx_49
1388,LynxID2025_lynx_49
1392,LynxID2025_lynx_86
1394,LynxID2025_lynx_49
1399,LynxID2025_lynx_49
1403,LynxID2025_lynx_62
1406,LynxID2025_lynx_25
1410,LynxID2025_lynx_43
1413,LynxID2025_lynx_32
1416,LynxID2025_lynx_62
1421,LynxID2025_lynx_45
1425,LynxID2025_lynx_49
1427,LynxID2025_lynx_49
1428,LynxID2025_lynx_49
1431,LynxID2025_lynx_31
1432,LynxID2025_lynx_32
1433,LynxID2025_lynx_95
1439,LynxID2025_lynx_95
1441,LynxID2025_lynx_40
1444,LynxID2025_lynx_49
1447,LynxID2025_lynx_49
1453,LynxID2025_lynx_49
1454,LynxID2025_lynx_13
1455,LynxID2025_lynx_49
1457,LynxID2025_lynx_95
1465,LynxID2025_lynx_32
1466,LynxID2025_lynx_32
1474,LynxID2025_lynx_49
1475,LynxID2025_lynx_46
1491,LynxID2025_lynx_74
1492,LynxID2025_lynx_49
1493,LynxID2025_lynx_32
1494,LynxID2025_lynx_74
1504,LynxID2025_lynx_62
1509,LynxID2025_lynx_62
1513,LynxID2025_lynx_45
1525,LynxID2025_lynx_45
1526,LynxID2025_lynx_43
1527,LynxID2025_lynx_49
1538,LynxID2025_lynx_74
1539,LynxID2025_lynx_45
1541,LynxID2025_lynx_62
1545,LynxID2025_lynx_86
1546,new_individual
1547,LynxID2025_lynx_56
1550,LynxID2025_lynx_43
1557,LynxID2025_lynx_45
1559,LynxID2025_lynx_49
1566,LynxID2025_lynx_32
1573,LynxID2025_lynx_54
1574,LynxID2025_lynx_05
1575,LynxID2025_lynx_49
1578,LynxID2025_lynx_28
1580,LynxID2025_lynx_62
1583,LynxID2025_lynx_49
1585,LynxID2025_lynx_74
1586,LynxID2025_lynx_62
1588,LynxID2025_lynx_31
1592,LynxID2025_lynx_62
1594,LynxID2025_lynx_54
1596,LynxID2025_lynx_74
1600,LynxID2025_lynx_49
1607,LynxID2025_lynx_49
1610,LynxID2025_lynx_31
1612,LynxID2025_lynx_49
1615,LynxID2025_lynx_74
1616,LynxID2025_lynx_49
1619,LynxID2025_lynx_49
1621,LynxID2025_lynx_49
1625,LynxID2025_lynx_49
1628,LynxID2025_lynx_49
1631,LynxID2025_lynx_49
1632,LynxID2025_lynx_95
1641,LynxID2025_lynx_31
1643,LynxID2025_lynx_74
1651,LynxID2025_lynx_62
1652,LynxID2025_lynx_49
1659,LynxID2025_lynx_49
1660,LynxID2025_lynx_32
1666,LynxID2025_lynx_62
1673,LynxID2025_lynx_62
1674,LynxID2025_lynx_05
1681,LynxID2025_lynx_49
1684,LynxID2025_lynx_49
1688,LynxID2025_lynx_50
1689,LynxID2025_lynx_74
1694,LynxID2025_lynx_41
1701,LynxID2025_lynx_40
1704,LynxID2025_lynx_49
1714,LynxID2025_lynx_49
1725,LynxID2025_lynx_03
1726,LynxID2025_lynx_49
1728,LynxID2025_lynx_49
1735,LynxID2025_lynx_49
1743,LynxID2025_lynx_49
1744,LynxID2025_lynx_74
1749,LynxID2025_lynx_49
1759,LynxID2025_lynx_86
1774,LynxID2025_lynx_49
1776,LynxID2025_lynx_05
1777,LynxID2025_lynx_31
1790,LynxID2025_lynx_45
1795,LynxID2025_lynx_62
1804,LynxID2025_lynx_86
1806,LynxID2025_lynx_46
1812,LynxID2025_lynx_62
1818,LynxID2025_lynx_25
1820,LynxID2025_lynx_32
1823,LynxID2025_lynx_25
1829,LynxID2025_lynx_49
1834,LynxID2025_lynx_95
1835,LynxID2025_lynx_62
1836,LynxID2025_lynx_32
1840,LynxID2025_lynx_49
1843,LynxID2025_lynx_49
1854,LynxID2025_lynx_74
1861,LynxID2025_lynx_86
1867,LynxID2025_lynx_86
1869,LynxID2025_lynx_49
1870,LynxID2025_lynx_88
1871,LynxID2025_lynx_49
1873,LynxID2025_lynx_43
1874,LynxID2025_lynx_46
1878,LynxID2025_lynx_45
1892,LynxID2025_lynx_62
1894,LynxID2025_lynx_49
1897,LynxID2025_lynx_62
1899,LynxID2025_lynx_62
1901,LynxID2025_lynx_62
1903,LynxID2025_lynx_62
1913,LynxID2025_lynx_05
1917,LynxID2025_lynx_35
1921,LynxID2025_lynx_43
1923,LynxID2025_lynx_95
1925,new_individual
1930,LynxID2025_lynx_49
1935,LynxID2025_lynx_49
1936,LynxID2025_lynx_49
1937,LynxID2025_lynx_62
1939,LynxID2025_lynx_31
1941,LynxID2025_lynx_45
1943,LynxID2025_lynx_49
1945,LynxID2025_lynx_46
1951,LynxID2025_lynx_31
1955,LynxID2025_lynx_49
1957,LynxID2025_lynx_74
1961,LynxID2025_lynx_43
1965,LynxID2025_lynx_49
1969,LynxID2025_lynx_49
1971,LynxID2025_lynx_86
1975,LynxID2025_lynx_74
1981,LynxID2025_lynx_49
1985,LynxID2025_lynx_62
1991,LynxID2025_lynx_40
2005,LynxID2025_lynx_86
2007,LynxID2025_lynx_62
2008,LynxID2025_lynx_45
2014,LynxID2025_lynx_49
2029,LynxID2025_lynx_62
2030,LynxID2025_lynx_62
2035,new_individual
2037,LynxID2025_lynx_49
2038,LynxID2025_lynx_43
2040,LynxID2025_lynx_45
2044,LynxID2025_lynx_05
2049,LynxID2025_lynx_25
2057,LynxID2025_lynx_62
2058,LynxID2025_lynx_45
2078,LynxID2025_lynx_74
2079,LynxID2025_lynx_25
2081,LynxID2025_lynx_54
2082,LynxID2025_lynx_49
2086,LynxID2025_lynx_74
2090,LynxID2025_lynx_74
2091,LynxID2025_lynx_95
2105,LynxID2025_lynx_43
2106,LynxID2025_lynx_46
2107,LynxID2025_lynx_50
2110,LynxID2025_lynx_49
2117,LynxID2025_lynx_74
2118,LynxID2025_lynx_74
2119,LynxID2025_lynx_49
2124,LynxID2025_lynx_32
2127,LynxID2025_lynx_62
2129,LynxID2025_lynx_95
2136,LynxID2025_lynx_62
2137,LynxID2025_lynx_45
2144,LynxID2025_lynx_74
2146,LynxID2025_lynx_95
2151,LynxID2025_lynx_05
2161,LynxID2025_lynx_49
2164,LynxID2025_lynx_46
2166,LynxID2025_lynx_62
2169,LynxID2025_lynx_62
2170,LynxID2025_lynx_32
2174,LynxID2025_lynx_62
2178,LynxID2025_lynx_49
2184,LynxID2025_lynx_43
2190,LynxID2025_lynx_45
2196,LynxID2025_lynx_05
2198,new_individual
2200,LynxID2025_lynx_43
2205,LynxID2025_lynx_43
2207,LynxID2025_lynx_05
2208,LynxID2025_lynx_62
2219,LynxID2025_lynx_05
2220,LynxID2025_lynx_32
2222,LynxID2025_lynx_05
2226,LynxID2025_lynx_49
2228,LynxID2025_lynx_05
2231,LynxID2025_lynx_46
2232,LynxID2025_lynx_32
2235,LynxID2025_lynx_05
2246,LynxID2025_lynx_25
2248,LynxID2025_lynx_05
2257,LynxID2025_lynx_38
2265,LynxID2025_lynx_74
2268,LynxID2025_lynx_45
2272,LynxID2025_lynx_49
2283,LynxID2025_lynx_32
2290,LynxID2025_lynx_32
2292,LynxID2025_lynx_38
2293,new_individual
2294,LynxID2025_lynx_25
2301,LynxID2025_lynx_95
2303,LynxID2025_lynx_25
2307,LynxID2025_lynx_32
2313,LynxID2025_lynx_49
2320,LynxID2025_lynx_49
2322,LynxID2025_lynx_49
2324,LynxID2025_lynx_49
2326,LynxID2025_lynx_45
2330,LynxID2025_lynx_45
2336,LynxID2025_lynx_95
2338,LynxID2025_lynx_32
2343,LynxID2025_lynx_86
2369,LynxID2025_lynx_54
2375,LynxID2025_lynx_05
2379,LynxID2025_lynx_49
2385,LynxID2025_lynx_74
2388,LynxID2025_lynx_74
2389,LynxID2025_lynx_49
2390,LynxID2025_lynx_49
2399,LynxID2025_lynx_46
2403,LynxID2025_lynx_49
2404,LynxID2025_lynx_95
2406,LynxID2025_lynx_43
2408,LynxID2025_lynx_28
2409,LynxID2025_lynx_49
2411,LynxID2025_lynx_49
2426,LynxID2025_lynx_49
2435,LynxID2025_lynx_49
2437,LynxID2025_lynx_32
2441,LynxID2025_lynx_49
2469,LynxID2025_lynx_49
2472,LynxID2025_lynx_49
2473,LynxID2025_lynx_49
2477,LynxID2025_lynx_49
2478,LynxID2025_lynx_62
2487,LynxID2025_lynx_43
2491,LynxID2025_lynx_49
2495,LynxID2025_lynx_31
2496,new_individual
2501,LynxID2025_lynx_95
2511,LynxID2025_lynx_75
2512,LynxID2025_lynx_32
2518,LynxID2025_lynx_43
2525,LynxID2025_lynx_62
2527,LynxID2025_lynx_43
2529,LynxID2025_lynx_62
2530,LynxID2025_lynx_49
2534,LynxID2025_lynx_62
2544,LynxID2025_lynx_86
2545,new_individual
2546,LynxID2025_lynx_50
2549,LynxID2025_lynx_49
2552,LynxID2025_lynx_74
2554,LynxID2025_lynx_95
2555,LynxID2025_lynx_05
2562,LynxID2025_lynx_74
2564,LynxID2025_lynx_74
2580,LynxID2025_lynx_32
2591,LynxID2025_lynx_57
2592,LynxID2025_lynx_95
2601,LynxID2025_lynx_62
2606,LynxID2025_lynx_49
2613,LynxID2025_lynx_86
2625,LynxID2025_lynx_62
2626,LynxID2025_lynx_62
2631,new_individual
2638,LynxID2025_lynx_62
2643,LynxID2025_lynx_32
2644,LynxID2025_lynx_31
2648,LynxID2025_lynx_74
2654,LynxID2025_lynx_62
2655,LynxID2025_lynx_32
2657,LynxID2025_lynx_60
2687,LynxID2025_lynx_62
2689,LynxID2025_lynx_49
2705,LynxID2025_lynx_49
2706,LynxID2025_lynx_43
2709,LynxID2025_lynx_25
2713,LynxID2025_lynx_05
2718,LynxID2025_lynx_62
2721,LynxID2025_lynx_05
2724,LynxID2025_lynx_74
2725,LynxID2025_lynx_31
2726,LynxID2025_lynx_31
2731,LynxID2025_lynx_62
2733,LynxID2025_lynx_46
2734,LynxID2025_lynx_75
2744,LynxID2025_lynx_62
2754,LynxID2025_lynx_49
2758,LynxID2025_lynx_32
2759,LynxID2025_lynx_32
2760,LynxID2025_lynx_49
2770,LynxID2025_lynx_49
2787,LynxID2025_lynx_05
2789,LynxID2025_lynx_74
2790,LynxID2025_lynx_32
2794,LynxID2025_lynx_49
2797,LynxID2025_lynx_54
2801,LynxID2025_lynx_46
2803,LynxID2025_lynx_49
2807,LynxID2025_lynx_49
2811,LynxID2025_lynx_49
2812,LynxID2025_lynx_74
2823,LynxID2025_lynx_05
2829,LynxID2025_lynx_45
2831,LynxID2025_lynx_05
2834,LynxID2025_lynx_49
2840,LynxID2025_lynx_49
2841,LynxID2025_lynx_74
2844,LynxID2025_lynx_95
2845,LynxID2025_lynx_62
2846,LynxID2025_lynx_95
2847,LynxID2025_lynx_46
2848,LynxID2025_lynx_95
2851,new_individual
2865,LynxID2025_lynx_65
2871,LynxID2025_lynx_25
2873,LynxID2025_lynx_62
2876,LynxID2025_lynx_95
2889,LynxID2025_lynx_49
2893,LynxID2025_lynx_86
2894,LynxID2025_lynx_49
2896,LynxID2025_lynx_32
2914,LynxID2025_lynx_49
2920,LynxID2025_lynx_62
2921,LynxID2025_lynx_25
2933,LynxID2025_lynx_74
2934,LynxID2025_lynx_95
2942,LynxID2025_lynx_62
2948,LynxID2025_lynx_49
2949,LynxID2025_lynx_05
2951,LynxID2025_lynx_49
2952,LynxID2025_lynx_74
2957,LynxID2025_lynx_11
2961,LynxID2025_lynx_28
2963,LynxID2025_lynx_62
2968,LynxID2025_lynx_49
2973,LynxID2025_lynx_46
2976,LynxID2025_lynx_86
2978,LynxID2025_lynx_49
2981,new_individual
2985,LynxID2025_lynx_49
2999,LynxID2025_lynx_49
3001,LynxID2025_lynx_05
3003,LynxID2025_lynx_95
3007,LynxID2025_lynx_32
3013,LynxID2025_lynx_62
3014,LynxID2025_lynx_05
3018,LynxID2025_lynx_62
3020,LynxID2025_lynx_46
3021,LynxID2025_lynx_46
3027,LynxID2025_lynx_95
3029,LynxID2025_lynx_32
3032,new_individual
3034,LynxID2025_lynx_93
3035,LynxID2025_lynx_49
3036,LynxID2025_lynx_46
3037,LynxID2025_lynx_32
3038,LynxID2025_lynx_62
3045,LynxID2025_lynx_49
3046,LynxID2025_lynx_45
3055,LynxID2025_lynx_32
3059,LynxID2025_lynx_94
3069,LynxID2025_lynx_43
3074,LynxID2025_lynx_32
3086,LynxID2025_lynx_62
3090,LynxID2025_lynx_74
3091,LynxID2025_lynx_62
3097,LynxID2025_lynx_49
3099,LynxID2025_lynx_32
3106,LynxID2025_lynx_31
3108,LynxID2025_lynx_49
3111,LynxID2025_lynx_32
3116,LynxID2025_lynx_49
3118,LynxID2025_lynx_31
3130,LynxID2025_lynx_62
3133,LynxID2025_lynx_45
3138,LynxID2025_lynx_46
3142,LynxID2025_lynx_74
3144,LynxID2025_lynx_25
3153,LynxID2025_lynx_49
3155,LynxID2025_lynx_49
3156,LynxID2025_lynx_95
3157,LynxID2025_lynx_62
3167,LynxID2025_lynx_62
3177,LynxID2025_lynx_49
3178,LynxID2025_lynx_93
3181,new_individual
3183,LynxID2025_lynx_62
3193,LynxID2025_lynx_45
3201,LynxID2025_lynx_43
3204,LynxID2025_lynx_77
3205,LynxID2025_lynx_05
3215,LynxID2025_lynx_43
3217,LynxID2025_lynx_62
3220,LynxID2025_lynx_86
3221,LynxID2025_lynx_49
3222,LynxID2025_lynx_74
3231,LynxID2025_lynx_46
3232,LynxID2025_lynx_32
3239,LynxID2025_lynx_74
3242,LynxID2025_lynx_46
3245,LynxID2025_lynx_43
3249,LynxID2025_lynx_49
3256,LynxID2025_lynx_49
3259,LynxID2025_lynx_35
3261,LynxID2025_lynx_74
3263,LynxID2025_lynx_74
3267,new_individual
3270,LynxID2025_lynx_32
3274,LynxID2025_lynx_74
3277,LynxID2025_lynx_49
3281,LynxID2025_lynx_62
3284,LynxID2025_lynx_43
3286,LynxID2025_lynx_49
3287,LynxID2025_lynx_62
3297,LynxID2025_lynx_32
3305,LynxID2025_lynx_05
3310,LynxID2025_lynx_86
3314,LynxID2025_lynx_62
3323,LynxID2025_lynx_74
3331,LynxID2025_lynx_74
3335,LynxID2025_lynx_86
3338,LynxID2025_lynx_62
3339,LynxID2025_lynx_25
3344,LynxID2025_lynx_62
3348,LynxID2025_lynx_74
3352,LynxID2025_lynx_49
3353,LynxID2025_lynx_49
3356,LynxID2025_lynx_57
3357,LynxID2025_lynx_32
3358,LynxID2025_lynx_77
3366,LynxID2025_lynx_49
3372,LynxID2025_lynx_50
3380,LynxID2025_lynx_32
3382,LynxID2025_lynx_49
3386,LynxID2025_lynx_95
3389,LynxID2025_lynx_79
3390,LynxID2025_lynx_49
3400,new_individual
3401,LynxID2025_lynx_32
3409,new_individual
3412,new_individual
3416,LynxID2025_lynx_49
3418,LynxID2025_lynx_41
3420,LynxID2025_lynx_62
3424,LynxID2025_lynx_49
3427,LynxID2025_lynx_62
3429,LynxID2025_lynx_49
3434,LynxID2025_lynx_95
3435,LynxID2025_lynx_74
3436,LynxID2025_lynx_11
3437,LynxID2025_lynx_43
3439,LynxID2025_lynx_45
3441,LynxID2025_lynx_62
3446,LynxID2025_lynx_74
3449,LynxID2025_lynx_95
3450,LynxID2025_lynx_49
3452,LynxID2025_lynx_74
3469,LynxID2025_lynx_38
3474,LynxID2025_lynx_49
3477,LynxID2025_lynx_62
3480,LynxID2025_lynx_62
3481,LynxID2025_lynx_32
3484,LynxID2025_lynx_49
3487,LynxID2025_lynx_32
3490,LynxID2025_lynx_62
3494,LynxID2025_lynx_31
3497,LynxID2025_lynx_62
3500,LynxID2025_lynx_49
3501,LynxID2025_lynx_05
3502,LynxID2025_lynx_62
3508,LynxID2025_lynx_43
3511,LynxID2025_lynx_49
3513,LynxID2025_lynx_32
3521,LynxID2025_lynx_65
3524,LynxID2025_lynx_46
3526,LynxID2025_lynx_43
3529,LynxID2025_lynx_46
3530,LynxID2025_lynx_95
3539,LynxID2025_lynx_46
3540,LynxID2025_lynx_62
3542,LynxID2025_lynx_45
3545,LynxID2025_lynx_62
3548,LynxID2025_lynx_74
3550,LynxID2025_lynx_62
3565,LynxID2025_lynx_62
3566,LynxID2025_lynx_05
3568,LynxID2025_lynx_49
3570,LynxID2025_lynx_74
3574,LynxID2025_lynx_49
3582,LynxID2025_lynx_46
3585,LynxID2025_lynx_25
3595,LynxID2025_lynx_74
3597,LynxID2025_lynx_95
3605,LynxID2025_lynx_95
3626,LynxID2025_lynx_95
3633,LynxID2025_lynx_75
3638,LynxID2025_lynx_74
3643,LynxID2025_lynx_31
3645,LynxID2025_lynx_49
3648,LynxID2025_lynx_05
3654,LynxID2025_lynx_43
3655,LynxID2025_lynx_62
3657,LynxID2025_lynx_62
3660,LynxID2025_lynx_45
3666,LynxID2025_lynx_49
3670,LynxID2025_lynx_43
3672,LynxID2025_lynx_49
3675,LynxID2025_lynx_75
3676,LynxID2025_lynx_88
3677,LynxID2025_lynx_49
3682,LynxID2025_lynx_74
3690,LynxID2025_lynx_49
3691,LynxID2025_lynx_49
3692,LynxID2025_lynx_77
3696,LynxID2025_lynx_32
3698,LynxID2025_lynx_46
3706,LynxID2025_lynx_49
3725,LynxID2025_lynx_86
3727,LynxID2025_lynx_43
3729,LynxID2025_lynx_62
3739,LynxID2025_lynx_45
3749,LynxID2025_lynx_25
3750,LynxID2025_lynx_03
3762,LynxID2025_lynx_49
3763,LynxID2025_lynx_32
3766,LynxID2025_lynx_62
3768,LynxID2025_lynx_31
3793,LynxID2025_lynx_25
3794,LynxID2025_lynx_45
3808,LynxID2025_lynx_43
3822,LynxID2025_lynx_49
3823,LynxID2025_lynx_62
3836,LynxID2025_lynx_98
3837,LynxID2025_lynx_42
3849,LynxID2025_lynx_74
3861,LynxID2025_lynx_05
3862,LynxID2025_lynx_74
3866,LynxID2025_lynx_05
3867,LynxID2025_lynx_54
3874,LynxID2025_lynx_32
3876,LynxID2025_lynx_62
3887,LynxID2025_lynx_25
3897,LynxID2025_lynx_95
3900,LynxID2025_lynx_62
3902,LynxID2025_lynx_49
5291,SalamanderID2025_239
5292,SalamanderID2025_173
5293,new_individual
5294,SalamanderID2025_38
5295,new_individual
5296,SalamanderID2025_23
5297,new_individual
5298,SalamanderID2025_23
5299,new_individual
5300,SalamanderID2025_21
5301,SalamanderID2025_213
5302,SalamanderID2025_3
5303,SalamanderID2025_4
5304,SalamanderID2025_5
5305,SalamanderID2025_6
5306,SalamanderID2025_7
5307,SalamanderID2025_8
5308,SalamanderID2025_12
5309,SalamanderID2025_303
5310,SalamanderID2025_21
5311,SalamanderID2025_6
5312,SalamanderID2025_160
5313,SalamanderID2025_6
5314,SalamanderID2025_34
5315,SalamanderID2025_6
5316,SalamanderID2025_10
5317,SalamanderID2025_11
5318,SalamanderID2025_12
5319,SalamanderID2025_13
5320,SalamanderID2025_549
5321,SalamanderID2025_15
5322,SalamanderID2025_169
5323,SalamanderID2025_92
5324,SalamanderID2025_19
5325,SalamanderID2025_20
5326,SalamanderID2025_11
5327,SalamanderID2025_22
5328,SalamanderID2025_12
5329,SalamanderID2025_24
5330,SalamanderID2025_93
5331,SalamanderID2025_108
5332,SalamanderID2025_27
5333,SalamanderID2025_26
5334,SalamanderID2025_29
5335,SalamanderID2025_31
5336,new_individual
5337,SalamanderID2025_33
5338,SalamanderID2025_34
5339,SalamanderID2025_365
5340,SalamanderID2025_15
5341,SalamanderID2025_36
5342,SalamanderID2025_160
5343,SalamanderID2025_22
5344,SalamanderID2025_80
5345,new_individual
5346,SalamanderID2025_36
5347,new_individual
5348,SalamanderID2025_71
5349,SalamanderID2025_80
5350,SalamanderID2025_297
5351,SalamanderID2025_213
5352,new_individual
5353,SalamanderID2025_39
5354,SalamanderID2025_40
5355,SalamanderID2025_108
5356,SalamanderID2025_21
5357,SalamanderID2025_21
5358,SalamanderID2025_21
5359,SalamanderID2025_323
5360,SalamanderID2025_50
5361,SalamanderID2025_15
5362,new_individual
5363,SalamanderID2025_238
5364,SalamanderID2025_5
5365,SalamanderID2025_323
5366,new_individual
5367,SalamanderID2025_15
5368,SalamanderID2025_195
5369,SalamanderID2025_47
5370,SalamanderID2025_48
5371,new_individual
5372,SalamanderID2025_50
5373,SalamanderID2025_51
5374,SalamanderID2025_66
5375,SalamanderID2025_451
5376,SalamanderID2025_15
5377,SalamanderID2025_165
5378,SalamanderID2025_38
5379,SalamanderID2025_68
5380,SalamanderID2025_329
5381,SalamanderID2025_372
5382,SalamanderID2025_451
5383,new_individual
5384,SalamanderID2025_38
5385,SalamanderID2025_71
5386,SalamanderID2025_68
5387,SalamanderID2025_56
5388,SalamanderID2025_57
5389,SalamanderID2025_58
5390,SalamanderID2025_48
5391,SalamanderID2025_25
5392,new_individual
5393,SalamanderID2025_12
5394,SalamanderID2025_181
5395,SalamanderID2025_15
5396,SalamanderID2025_15
5397,SalamanderID2025_120
5398,SalamanderID2025_484
5399,SalamanderID2025_199
5400,SalamanderID2025_64
5401,SalamanderID2025_197
5402,SalamanderID2025_67
5403,SalamanderID2025_235
5404,SalamanderID2025_69
5405,SalamanderID2025_70
5406,SalamanderID2025_290
5407,SalamanderID2025_114
5408,SalamanderID2025_106
5409,SalamanderID2025_160
5410,new_individual
5411,new_individual
5412,SalamanderID2025_66
5413,SalamanderID2025_50
5414,SalamanderID2025_108
5415,SalamanderID2025_75
5416,SalamanderID2025_286
5417,SalamanderID2025_121
5418,SalamanderID2025_80
5419,SalamanderID2025_81
5420,SalamanderID2025_34
5421,SalamanderID2025_32
5422,SalamanderID2025_21
5423,SalamanderID2025_83
5424,SalamanderID2025_84
5425,SalamanderID2025_85
5426,SalamanderID2025_86
5427,SalamanderID2025_213
5428,SalamanderID2025_15
5429,SalamanderID2025_89
5430,SalamanderID2025_90
5431,SalamanderID2025_91
5432,SalamanderID2025_92
5433,SalamanderID2025_62
5434,SalamanderID2025_94
5435,SalamanderID2025_95
5436,new_individual
5437,SalamanderID2025_97
5438,SalamanderID2025_98
5439,SalamanderID2025_99
5440,SalamanderID2025_100
5441,SalamanderID2025_50
5442,SalamanderID2025_58
5443,SalamanderID2025_103
5444,SalamanderID2025_206
5445,SalamanderID2025_105
5446,SalamanderID2025_106
5447,SalamanderID2025_107
5448,SalamanderID2025_15
5449,SalamanderID2025_337
5450,SalamanderID2025_110
5451,SalamanderID2025_111
5452,SalamanderID2025_112
5453,SalamanderID2025_108
5454,SalamanderID2025_172
5455,SalamanderID2025_121
5456,SalamanderID2025_172
5457,SalamanderID2025_205
5458,SalamanderID2025_50
5459,SalamanderID2025_165
5460,SalamanderID2025_451
5461,SalamanderID2025_160
5462,SalamanderID2025_115
5463,SalamanderID2025_98
5464,SalamanderID2025_117
5465,SalamanderID2025_118
5466,SalamanderID2025_119
5467,SalamanderID2025_206
5468,SalamanderID2025_11
5469,SalamanderID2025_122
5470,SalamanderID2025_93
5471,SalamanderID2025_125
5472,SalamanderID2025_126
5473,SalamanderID2025_127
5474,SalamanderID2025_297
5475,SalamanderID2025_327
5476,SalamanderID2025_130
5477,SalamanderID2025_316
5478,SalamanderID2025_132
5479,SalamanderID2025_12
5480,SalamanderID2025_62
5481,new_individual
5482,new_individual
5483,new_individual
5484,SalamanderID2025_206
5485,SalamanderID2025_138
5486,SalamanderID2025_212
5487,SalamanderID2025_377
5488,SalamanderID2025_11
5489,SalamanderID2025_142
5490,SalamanderID2025_63
5491,new_individual
5492,SalamanderID2025_73
5493,SalamanderID2025_10
5494,SalamanderID2025_147
5495,SalamanderID2025_148
5496,SalamanderID2025_160
5497,SalamanderID2025_150
5498,SalamanderID2025_337
5499,SalamanderID2025_451
5500,SalamanderID2025_165
5501,SalamanderID2025_154
5502,SalamanderID2025_41
5503,SalamanderID2025_156
5504,SalamanderID2025_173
5505,SalamanderID2025_158
5506,SalamanderID2025_159
5507,SalamanderID2025_160
5508,SalamanderID2025_161
5509,SalamanderID2025_2
5510,SalamanderID2025_164
5511,SalamanderID2025_451
5512,SalamanderID2025_205
5513,SalamanderID2025_195
5514,SalamanderID2025_212
5515,SalamanderID2025_21
5516,SalamanderID2025_120
5517,new_individual
5518,SalamanderID2025_425
5519,SalamanderID2025_80
5520,SalamanderID2025_169
5521,SalamanderID2025_362
5522,SalamanderID2025_171
5523,new_individual
5524,SalamanderID2025_93
5525,SalamanderID2025_174
5526,SalamanderID2025_21
5527,SalamanderID2025_73
5528,SalamanderID2025_11
5529,SalamanderID2025_21
5530,SalamanderID2025_179
5531,SalamanderID2025_160
5532,SalamanderID2025_181
5533,SalamanderID2025_363
5534,SalamanderID2025_80
5535,SalamanderID2025_75
5536,SalamanderID2025_89
5537,SalamanderID2025_49
5538,SalamanderID2025_337
5539,SalamanderID2025_290
5540,new_individual
5541,SalamanderID2025_14
5542,SalamanderID2025_124
5543,SalamanderID2025_50
5544,new_individual
5545,SalamanderID2025_187
5546,SalamanderID2025_189
5547,new_individual
5548,new_individual
5549,new_individual
5550,SalamanderID2025_73
5551,SalamanderID2025_38
5552,new_individual
5553,SalamanderID2025_71
5554,new_individual
5555,SalamanderID2025_199
5556,new_individual
5557,SalamanderID2025_160
5558,SalamanderID2025_487
5559,new_individual
5560,SalamanderID2025_38
5561,new_individual
5562,SalamanderID2025_204
5563,SalamanderID2025_160
5564,SalamanderID2025_21
5565,SalamanderID2025_233
5566,SalamanderID2025_630
5567,new_individual
5568,SalamanderID2025_233
5569,SalamanderID2025_233
5570,SalamanderID2025_233
5571,SalamanderID2025_209
5572,SalamanderID2025_210
5573,SalamanderID2025_337
5574,SalamanderID2025_212
5575,SalamanderID2025_213
5576,new_individual
5577,SalamanderID2025_215
5578,new_individual
5579,SalamanderID2025_13
5580,SalamanderID2025_308
5581,new_individual
5582,SalamanderID2025_181
5583,SalamanderID2025_221
5584,SalamanderID2025_222
5585,SalamanderID2025_12
5586,SalamanderID2025_224
5587,SalamanderID2025_15
5588,SalamanderID2025_227
5589,SalamanderID2025_228
5590,SalamanderID2025_229
5591,new_individual
5592,SalamanderID2025_231
5593,SalamanderID2025_232
5594,SalamanderID2025_233
5595,new_individual
5596,SalamanderID2025_235
5597,SalamanderID2025_237
5598,SalamanderID2025_71
5599,SalamanderID2025_323
5600,SalamanderID2025_240
5601,SalamanderID2025_246
5602,SalamanderID2025_246
5603,SalamanderID2025_90
5604,SalamanderID2025_361
5605,SalamanderID2025_144
5606,new_individual
5607,new_individual
5608,SalamanderID2025_243
5609,SalamanderID2025_363
5610,SalamanderID2025_160
5611,SalamanderID2025_337
5612,new_individual
5613,SalamanderID2025_526
5614,SalamanderID2025_415
5615,SalamanderID2025_250
5616,SalamanderID2025_438
5617,SalamanderID2025_12
5618,SalamanderID2025_250
5619,SalamanderID2025_250
5620,SalamanderID2025_24
5621,SalamanderID2025_252
5622,new_individual
5623,SalamanderID2025_254
5624,SalamanderID2025_355
5625,SalamanderID2025_21
5626,SalamanderID2025_160
5627,new_individual
5628,SalamanderID2025_260
5629,SalamanderID2025_304
5630,SalamanderID2025_134
5631,new_individual
5632,new_individual
5633,SalamanderID2025_12
5634,SalamanderID2025_81
5635,new_individual
5636,SalamanderID2025_276
5637,SalamanderID2025_279
5638,SalamanderID2025_109
5639,SalamanderID2025_282
5640,SalamanderID2025_12
5641,SalamanderID2025_238
5642,SalamanderID2025_21
5643,SalamanderID2025_36
5644,SalamanderID2025_50
5645,SalamanderID2025_160
5646,SalamanderID2025_160
5647,SalamanderID2025_108
5648,SalamanderID2025_205
5649,new_individual
5650,SalamanderID2025_289
5651,SalamanderID2025_14
5652,new_individual
5653,SalamanderID2025_451
5654,SalamanderID2025_370
5655,SalamanderID2025_165
5656,SalamanderID2025_12
5657,SalamanderID2025_439
5658,SalamanderID2025_365
5659,SalamanderID2025_117
5660,SalamanderID2025_363
5661,SalamanderID2025_370
5662,SalamanderID2025_296
5663,SalamanderID2025_15
5664,SalamanderID2025_377
5665,SalamanderID2025_181
5666,SalamanderID2025_93
5667,SalamanderID2025_329
5668,SalamanderID2025_403
5669,new_individual
5670,SalamanderID2025_363
5671,new_individual
5672,SalamanderID2025_205
5673,SalamanderID2025_50
5674,SalamanderID2025_182
5675,SalamanderID2025_50
5676,SalamanderID2025_317
5677,new_individual
5678,SalamanderID2025_212
5679,new_individual
5680,SalamanderID2025_186
5681,SalamanderID2025_327
5682,SalamanderID2025_329
5683,new_individual
5684,SalamanderID2025_38
5685,SalamanderID2025_160
5686,new_individual
5687,new_individual
5688,SalamanderID2025_337
5689,SalamanderID2025_195
5690,new_individual
5691,SalamanderID2025_451
5692,new_individual
5693,new_individual
5694,new_individual
5695,SalamanderID2025_195
5696,SalamanderID2025_344
5697,SalamanderID2025_345
5698,new_individual
5699,new_individual
5700,SalamanderID2025_349
5701,SalamanderID2025_350
5702,SalamanderID2025_474
5703,new_individual
5704,SalamanderID2025_68
5705,SalamanderID2025_268
5706,new_individual
5707,SalamanderID2025_58
5708,SalamanderID2025_415
5709,SalamanderID2025_355
5710,SalamanderID2025_266
5711,new_individual
5712,SalamanderID2025_36
5713,SalamanderID2025_638
5714,SalamanderID2025_362
5715,new_individual
5716,SalamanderID2025_181
5717,SalamanderID2025_68
5718,new_individual
5719,SalamanderID2025_369
5720,SalamanderID2025_368
5721,SalamanderID2025_68
5722,new_individual
5723,SalamanderID2025_50
5724,new_individual
5725,SalamanderID2025_377
5726,new_individual
5727,new_individual
5728,SalamanderID2025_50
5729,SalamanderID2025_391
5730,SalamanderID2025_205
5731,new_individual
5732,SalamanderID2025_134
5733,SalamanderID2025_368
5734,SalamanderID2025_214
5735,SalamanderID2025_90
5736,SalamanderID2025_659
5737,SalamanderID2025_68
5738,SalamanderID2025_403
5739,new_individual
5740,new_individual
5741,SalamanderID2025_199
5742,new_individual
5743,SalamanderID2025_71
5744,SalamanderID2025_134
5745,SalamanderID2025_260
5746,SalamanderID2025_71
5747,SalamanderID2025_266
5748,SalamanderID2025_316
5749,SalamanderID2025_370
5750,SalamanderID2025_21
5751,SalamanderID2025_81
5752,new_individual
5753,SalamanderID2025_50
5754,SalamanderID2025_160
5755,SalamanderID2025_28
5756,SalamanderID2025_143
5757,new_individual
5758,new_individual
5759,new_individual
5760,SalamanderID2025_268
5761,SalamanderID2025_195
5762,SalamanderID2025_314
5763,SalamanderID2025_12
5764,SalamanderID2025_612
5765,SalamanderID2025_307
5766,SalamanderID2025_363
5767,SalamanderID2025_606
5768,SalamanderID2025_81
5769,SalamanderID2025_500
5770,SalamanderID2025_446
5771,SalamanderID2025_467
5772,SalamanderID2025_144
5773,new_individual
5774,new_individual
5775,SalamanderID2025_345
5776,new_individual
5777,SalamanderID2025_485
5778,new_individual
5779,SalamanderID2025_117
5780,SalamanderID2025_363
5781,SalamanderID2025_452
5782,SalamanderID2025_254
5783,new_individual
5784,SalamanderID2025_337
5785,SalamanderID2025_377
5786,SalamanderID2025_10
5787,SalamanderID2025_15
5788,new_individual
5789,new_individual
5790,SalamanderID2025_71
5791,SalamanderID2025_160
5792,SalamanderID2025_71
5793,SalamanderID2025_256
5794,SalamanderID2025_71
5795,SalamanderID2025_266
5796,SalamanderID2025_663
5797,new_individual
5798,new_individual
5799,SalamanderID2025_58
5800,SalamanderID2025_12
5801,SalamanderID2025_50
5802,SalamanderID2025_457
5803,SalamanderID2025_108
5804,SalamanderID2025_165
5805,SalamanderID2025_337
5806,new_individual
5807,SalamanderID2025_62
5808,SalamanderID2025_71
5809,SalamanderID2025_508
5810,new_individual
5811,SalamanderID2025_108
5812,SalamanderID2025_71
5813,SalamanderID2025_363
5814,SalamanderID2025_354
5815,SalamanderID2025_508
5816,SalamanderID2025_25
5817,SalamanderID2025_451
5818,new_individual
5819,new_individual
5820,SalamanderID2025_357
5821,new_individual
5822,SalamanderID2025_11
5823,new_individual
5824,SalamanderID2025_160
5825,new_individual
5826,new_individual
5827,SalamanderID2025_282
5828,new_individual
5829,SalamanderID2025_181
5830,SalamanderID2025_391
5831,new_individual
5832,SalamanderID2025_195
5833,SalamanderID2025_643
5834,SalamanderID2025_507
5835,new_individual
5836,SalamanderID2025_504
5837,new_individual
5838,new_individual
5839,SalamanderID2025_11
5840,SalamanderID2025_451
5841,SalamanderID2025_71
5842,SalamanderID2025_599
5843,SalamanderID2025_21
5844,SalamanderID2025_160
5845,SalamanderID2025_663
5846,SalamanderID2025_71
5847,SalamanderID2025_560
5848,SalamanderID2025_643
5849,SalamanderID2025_71
5850,SalamanderID2025_71
5851,SalamanderID2025_173
5852,SalamanderID2025_351
5853,SalamanderID2025_88
5854,new_individual
5855,SalamanderID2025_576
5856,new_individual
5857,SalamanderID2025_218
5858,SalamanderID2025_71
5859,SalamanderID2025_643
5860,new_individual
5861,new_individual
5862,SalamanderID2025_160
5863,new_individual
5864,new_individual
5865,SalamanderID2025_15
5866,new_individual
5867,new_individual
5868,new_individual
5869,new_individual
5870,new_individual
5871,new_individual
5872,SalamanderID2025_219
5873,new_individual
5874,SalamanderID2025_160
5875,SalamanderID2025_451
5876,SalamanderID2025_157
5877,new_individual
5878,new_individual
5879,SalamanderID2025_639
5880,new_individual
5881,SalamanderID2025_337
5882,SalamanderID2025_340
5883,SalamanderID2025_372
5884,new_individual
5885,SalamanderID2025_165
5886,SalamanderID2025_206
5887,SalamanderID2025_260
5888,SalamanderID2025_79
5889,SalamanderID2025_324
5890,SalamanderID2025_518
5891,SalamanderID2025_586
5892,SalamanderID2025_58
5893,SalamanderID2025_62
5894,SalamanderID2025_206
5895,SalamanderID2025_586
5896,SalamanderID2025_451
5897,SalamanderID2025_504
5898,SalamanderID2025_50
5899,SalamanderID2025_504
5900,SalamanderID2025_71
5901,new_individual
5902,SalamanderID2025_480
5903,new_individual
5904,SalamanderID2025_612
5905,SalamanderID2025_368
5906,new_individual
5907,new_individual
5908,new_individual
5909,new_individual
5910,SalamanderID2025_262
5911,new_individual
5912,SalamanderID2025_62
5913,SalamanderID2025_149
5914,SalamanderID2025_62
5915,new_individual
5916,new_individual
5917,new_individual
5918,SalamanderID2025_134
5919,SalamanderID2025_614
5920,new_individual
5921,SalamanderID2025_630
5922,SalamanderID2025_611
5923,SalamanderID2025_71
5924,new_individual
5925,SalamanderID2025_563
5926,new_individual
5927,new_individual
5928,new_individual
5929,new_individual
5930,SalamanderID2025_233
5931,new_individual
5932,SalamanderID2025_577
5933,SalamanderID2025_357
5934,SalamanderID2025_449
5935,SalamanderID2025_357
5936,SalamanderID2025_599
5937,new_individual
5938,SalamanderID2025_487
5939,SalamanderID2025_357
5940,new_individual
5941,new_individual
5942,new_individual
5943,new_individual
5944,SalamanderID2025_564
5945,SalamanderID2025_10
5946,SalamanderID2025_559
5947,new_individual
5948,SalamanderID2025_266
5949,SalamanderID2025_93
5950,new_individual
5951,SalamanderID2025_34
5952,SalamanderID2025_436
5953,new_individual
5954,SalamanderID2025_368
5955,SalamanderID2025_303
5956,SalamanderID2025_160
5957,SalamanderID2025_165
5958,new_individual
5959,SalamanderID2025_316
5960,new_individual
5961,new_individual
5962,new_individual
5963,new_individual
5964,SalamanderID2025_654
5965,SalamanderID2025_663
5966,SalamanderID2025_489
5967,SalamanderID2025_160
5968,SalamanderID2025_351
5969,new_individual
5970,SalamanderID2025_329
5971,new_individual
5972,SalamanderID2025_508
5973,new_individual
5974,SalamanderID2025_615
5975,SalamanderID2025_50
5976,SalamanderID2025_447
5977,SalamanderID2025_62
5978,SalamanderID2025_260
5979,new_individual
14709,SeaTurtleID2022_t240
14710,SeaTurtleID2022_t171
14711,new_individual
14712,new_individual
14713,SeaTurtleID2022_t468
14714,SeaTurtleID2022_t240
14715,new_individual
14716,SeaTurtleID2022_t025
14717,SeaTurtleID2022_t427
14718,SeaTurtleID2022_t099
14719,SeaTurtleID2022_t407
14720,SeaTurtleID2022_t035
14721,SeaTurtleID2022_t003
14722,SeaTurtleID2022_t099
14723,SeaTurtleID2022_t003
14724,new_individual
14725,new_individual
14726,SeaTurtleID2022_t468
14727,SeaTurtleID2022_t037
14728,new_individual
14729,SeaTurtleID2022_t266
14730,new_individual
14731,SeaTurtleID2022_t095
14732,SeaTurtleID2022_t037
14733,new_individual
14734,SeaTurtleID2022_t281
14735,new_individual
14736,new_individual
14737,SeaTurtleID2022_t142
14738,new_individual
14739,new_individual
14740,SeaTurtleID2022_t234
14741,new_individual
14742,SeaTurtleID2022_t459
14743,new_individual
14744,new_individual
14745,SeaTurtleID2022_t007
14746,SeaTurtleID2022_t295
14747,new_individual
14748,new_individual
14749,SeaTurtleID2022_t033
14750,SeaTurtleID2022_t204
14751,SeaTurtleID2022_t257
14752,SeaTurtleID2022_t427
14753,SeaTurtleID2022_t232
14754,SeaTurtleID2022_t424
14755,SeaTurtleID2022_t033
14756,new_individual
14757,new_individual
14758,SeaTurtleID2022_t003
14759,new_individual
14760,SeaTurtleID2022_t028
14761,SeaTurtleID2022_t022
14762,new_individual
14763,new_individual
14764,new_individual
14765,SeaTurtleID2022_t033
14766,new_individual
14767,new_individual
14768,SeaTurtleID2022_t028
14769,SeaTurtleID2022_t240
14770,new_individual
14771,new_individual
14772,new_individual
14773,SeaTurtleID2022_t570
14774,SeaTurtleID2022_t029
14775,SeaTurtleID2022_t231
14776,new_individual
14777,SeaTurtleID2022_t025
14778,new_individual
14779,new_individual
14780,new_individual
14781,new_individual
14782,SeaTurtleID2022_t028
14783,new_individual
14784,new_individual
14785,SeaTurtleID2022_t022
14786,SeaTurtleID2022_t095
14787,new_individual
14788,new_individual
14789,SeaTurtleID2022_t104
14790,new_individual
14791,SeaTurtleID2022_t020
14792,SeaTurtleID2022_t238
14793,SeaTurtleID2022_t257
14794,new_individual
14795,SeaTurtleID2022_t004
14796,SeaTurtleID2022_t240
14797,new_individual
14798,new_individual
14799,SeaTurtleID2022_t199
14800,new_individual
14801,new_individual
14802,new_individual
14803,SeaTurtleID2022_t286
14804,new_individual
14805,new_individual
14806,new_individual
14807,new_individual
14808,SeaTurtleID2022_t217
14809,SeaTurtleID2022_t266
14810,new_individual
14811,new_individual
14812,new_individual
14813,new_individual
14814,SeaTurtleID2022_t158
14815,new_individual
14816,new_individual
14817,new_individual
14818,new_individual
14819,new_individual
14820,SeaTurtleID2022_t037
14821,SeaTurtleID2022_t073
14822,new_individual
14823,new_individual
14824,new_individual
14825,SeaTurtleID2022_t033
14826,SeaTurtleID2022_t468
14827,new_individual
14828,new_individual
14829,new_individual
14830,new_individual
14831,SeaTurtleID2022_t245
14832,SeaTurtleID2022_t202
14833,new_individual
14834,SeaTurtleID2022_t174
14835,new_individual
14836,SeaTurtleID2022_t286
14837,new_individual
14838,SeaTurtleID2022_t014
14839,SeaTurtleID2022_t141
14840,SeaTurtleID2022_t110
14841,SeaTurtleID2022_t023
14842,SeaTurtleID2022_t396
14843,SeaTurtleID2022_t003
14844,SeaTurtleID2022_t028
14845,SeaTurtleID2022_t234
14846,new_individual
14847,SeaTurtleID2022_t251
14848,new_individual
14849,SeaTurtleID2022_t067
14850,SeaTurtleID2022_t421
14851,new_individual
14852,SeaTurtleID2022_t396
14853,new_individual
14854,SeaTurtleID2022_t025
14855,SeaTurtleID2022_t023
14856,new_individual
14857,SeaTurtleID2022_t171
14858,new_individual
14859,SeaTurtleID2022_t175
14860,new_individual
14861,SeaTurtleID2022_t028
14862,SeaTurtleID2022_t062
14863,SeaTurtleID2022_t232
14864,SeaTurtleID2022_t063
14865,new_individual
14866,new_individual
14867,SeaTurtleID2022_t424
14868,SeaTurtleID2022_t141
14869,new_individual
14870,SeaTurtleID2022_t217
14871,new_individual
14872,new_individual
14873,new_individual
14874,SeaTurtleID2022_t025
14875,SeaTurtleID2022_t141
14876,SeaTurtleID2022_t221
14877,new_individual
14878,new_individual
14879,SeaTurtleID2022_t295
14880,new_individual
14881,SeaTurtleID2022_t243
14882,SeaTurtleID2022_t141
14883,SeaTurtleID2022_t231
14884,SeaTurtleID2022_t033
14885,new_individual
14886,SeaTurtleID2022_t067
14887,new_individual
14888,new_individual
14889,SeaTurtleID2022_t232
14890,SeaTurtleID2022_t095
14891,SeaTurtleID2022_t238
14892,new_individual
14893,new_individual
14894,SeaTurtleID2022_t427
14895,new_individual
14896,SeaTurtleID2022_t554
14897,SeaTurtleID2022_t020
14898,new_individual
14899,new_individual
14900,new_individual
14901,new_individual
14902,SeaTurtleID2022_t232
14903,new_individual
14904,SeaTurtleID2022_t257
14905,SeaTurtleID2022_t389
14906,SeaTurtleID2022_t037
14907,new_individual
14908,SeaTurtleID2022_t231
14909,new_individual
14910,SeaTurtleID2022_t468
14911,new_individual
14912,SeaTurtleID2022_t099
14913,new_individual
14914,new_individual
14915,SeaTurtleID2022_t110
14916,SeaTurtleID2022_t240
14917,SeaTurtleID2022_t029
14918,SeaTurtleID2022_t257
14919,new_individual
14920,new_individual
14921,SeaTurtleID2022_t234
14922,SeaTurtleID2022_t295
14923,SeaTurtleID2022_t245
14924,new_individual
14925,SeaTurtleID2022_t351
14926,SeaTurtleID2022_t037
14927,SeaTurtleID2022_t240
14928,new_individual
14929,new_individual
14930,SeaTurtleID2022_t174
14931,SeaTurtleID2022_t095
14932,new_individual
14933,SeaTurtleID2022_t234
14934,new_individual
14935,SeaTurtleID2022_t204
14936,SeaTurtleID2022_t007
14937,SeaTurtleID2022_t067
14938,new_individual
14939,SeaTurtleID2022_t014
14940,new_individual
14941,SeaTurtleID2022_t158
14942,SeaTurtleID2022_t217
14943,SeaTurtleID2022_t230
14944,SeaTurtleID2022_t033
14945,new_individual
14946,SeaTurtleID2022_t202
14947,new_individual
14948,SeaTurtleID2022_t076
14949,new_individual
14950,SeaTurtleID2022_t231
14951,new_individual
14952,SeaTurtleID2022_t004
14953,new_individual
14954,SeaTurtleID2022_t020
14955,SeaTurtleID2022_t067
14956,SeaTurtleID2022_t427
14957,SeaTurtleID2022_t131
14958,new_individual
14959,SeaTurtleID2022_t234
14960,SeaTurtleID2022_t035
14961,SeaTurtleID2022_t197
14962,SeaTurtleID2022_t014
14963,SeaTurtleID2022_t004
14964,new_individual
14965,SeaTurtleID2022_t141
14966,SeaTurtleID2022_t468
14967,SeaTurtleID2022_t240
14968,SeaTurtleID2022_t099
14969,SeaTurtleID2022_t014
14970,SeaTurtleID2022_t232
14971,new_individual
14972,SeaTurtleID2022_t028
14973,new_individual
14974,SeaTurtleID2022_t099
14975,SeaTurtleID2022_t302
14976,SeaTurtleID2022_t023
14977,SeaTurtleID2022_t232
14978,new_individual
14979,SeaTurtleID2022_t067
14980,new_individual
14981,SeaTurtleID2022_t234
14982,new_individual
14983,SeaTurtleID2022_t014
14984,new_individual
14985,new_individual
14986,SeaTurtleID2022_t396
14987,new_individual
14988,new_individual
14989,new_individual
14990,SeaTurtleID2022_t243
14991,SeaTurtleID2022_t028
14992,new_individual
14993,SeaTurtleID2022_t004
14994,SeaTurtleID2022_t240
14995,SeaTurtleID2022_t004
14996,SeaTurtleID2022_t427
14997,new_individual
14998,SeaTurtleID2022_t141
14999,new_individual
15000,new_individual
15001,SeaTurtleID2022_t020
15002,SeaTurtleID2022_t232
15003,new_individual
15004,new_individual
15005,SeaTurtleID2022_t028
15006,new_individual
15007,SeaTurtleID2022_t035
15008,new_individual
15009,SeaTurtleID2022_t171
15010,new_individual
15011,new_individual
15012,SeaTurtleID2022_t028
15013,new_individual
15014,SeaTurtleID2022_t014
15015,SeaTurtleID2022_t029
15016,SeaTurtleID2022_t067
15017,new_individual
15018,SeaTurtleID2022_t077
15019,new_individual
15020,new_individual
15021,new_individual
15022,SeaTurtleID2022_t003
15023,SeaTurtleID2022_t423
15024,new_individual
15025,new_individual
15026,SeaTurtleID2022_t099
15027,SeaTurtleID2022_t099
15028,SeaTurtleID2022_t221
15029,new_individual
15030,new_individual
15031,new_individual
15032,SeaTurtleID2022_t245
15033,SeaTurtleID2022_t231
15034,new_individual
15035,SeaTurtleID2022_t110
15036,SeaTurtleID2022_t033
15037,SeaTurtleID2022_t201
15038,new_individual
15039,new_individual
15040,SeaTurtleID2022_t067
15041,SeaTurtleID2022_t043
15042,new_individual
15043,SeaTurtleID2022_t025
15044,SeaTurtleID2022_t028
15045,new_individual
15046,SeaTurtleID2022_t175
15047,new_individual
15048,SeaTurtleID2022_t035
15049,SeaTurtleID2022_t302
15050,SeaTurtleID2022_t141
15051,new_individual
15052,new_individual
15053,SeaTurtleID2022_t497
15054,SeaTurtleID2022_t099
15055,new_individual
15056,new_individual
15057,SeaTurtleID2022_t257
15058,new_individual
15059,new_individual
15060,new_individual
15061,new_individual
15062,new_individual
15063,SeaTurtleID2022_t033
15064,new_individual
15065,new_individual
15066,SeaTurtleID2022_t014
15067,SeaTurtleID2022_t067
15068,new_individual
15069,new_individual
15070,new_individual
15071,SeaTurtleID2022_t238
15072,SeaTurtleID2022_t231
15073,new_individual
15074,SeaTurtleID2022_t015
15075,SeaTurtleID2022_t295
15076,new_individual
15077,SeaTurtleID2022_t094
15078,new_individual
15079,SeaTurtleID2022_t004
15080,SeaTurtleID2022_t204
15081,new_individual
15082,SeaTurtleID2022_t266
15083,new_individual
15084,SeaTurtleID2022_t459
15085,SeaTurtleID2022_t029
15086,SeaTurtleID2022_t266
15087,SeaTurtleID2022_t033
15088,new_individual
15089,new_individual
15090,new_individual
15091,new_individual
15092,new_individual
15093,SeaTurtleID2022_t204
15094,SeaTurtleID2022_t468
15095,SeaTurtleID2022_t099
15096,new_individual
15097,SeaTurtleID2022_t245
15098,new_individual
15099,SeaTurtleID2022_t004
15100,SeaTurtleID2022_t240
15101,SeaTurtleID2022_t037
15102,new_individual
15103,new_individual
15104,new_individual
15105,new_individual
15106,SeaTurtleID2022_t230
15107,SeaTurtleID2022_t004
15108,SeaTurtleID2022_t004
15109,new_individual
15110,SeaTurtleID2022_t305
15111,SeaTurtleID2022_t095
15112,SeaTurtleID2022_t077
15113,SeaTurtleID2022_t302
15114,SeaTurtleID2022_t043
15115,new_individual
15116,SeaTurtleID2022_t240
15117,new_individual
15118,SeaTurtleID2022_t231
15119,new_individual
15120,new_individual
15121,new_individual
15122,SeaTurtleID2022_t235
15123,new_individual
15124,SeaTurtleID2022_t217
15125,SeaTurtleID2022_t246
15126,SeaTurtleID2022_t199
15127,SeaTurtleID2022_t099
15128,SeaTurtleID2022_t102
15129,new_individual
15130,new_individual
15131,SeaTurtleID2022_t110
15132,new_individual
15133,new_individual
15134,new_individual
15135,SeaTurtleID2022_t099
15136,new_individual
15137,SeaTurtleID2022_t067
15138,SeaTurtleID2022_t234
15139,SeaTurtleID2022_t217
15140,new_individual
15141,new_individual
15142,new_individual
15143,new_individual
15144,new_individual
15145,new_individual
15146,SeaTurtleID2022_t199
15147,new_individual
15148,SeaTurtleID2022_t234
15149,SeaTurtleID2022_t141
15150,new_individual
15151,new_individual
15152,SeaTurtleID2022_t197
15153,new_individual
15154,SeaTurtleID2022_t243
15155,SeaTurtleID2022_t388
15156,new_individual
15157,new_individual
15158,new_individual
15159,SeaTurtleID2022_t095
15160,SeaTurtleID2022_t175
15161,SeaTurtleID2022_t468
15162,SeaTurtleID2022_t007
15163,SeaTurtleID2022_t427
15164,SeaTurtleID2022_t217
15165,new_individual
15166,SeaTurtleID2022_t007
15167,SeaTurtleID2022_t073
15168,SeaTurtleID2022_t099
15169,SeaTurtleID2022_t028
15170,SeaTurtleID2022_t231
15171,new_individual
15172,SeaTurtleID2022_t020
15173,SeaTurtleID2022_t035
15174,SeaTurtleID2022_t142
15175,SeaTurtleID2022_t204
15176,SeaTurtleID2022_t234
15177,SeaTurtleID2022_t025
15178,new_individual
15179,new_individual
15180,SeaTurtleID2022_t427
15181,new_individual
15182,SeaTurtleID2022_t033
15183,new_individual
15184,new_individual
15185,SeaTurtleID2022_t199
15186,new_individual
15187,new_individual
15188,SeaTurtleID2022_t468
15189,SeaTurtleID2022_t427
15190,SeaTurtleID2022_t008
15191,SeaTurtleID2022_t028
15192,SeaTurtleID2022_t023
15193,SeaTurtleID2022_t283
15194,new_individual
15195,SeaTurtleID2022_t033
15196,new_individual
15197,SeaTurtleID2022_t171
15198,SeaTurtleID2022_t099
15199,SeaTurtleID2022_t201
15200,new_individual
15201,new_individual
15202,new_individual
15203,SeaTurtleID2022_t146
15204,new_individual
15205,new_individual
15206,SeaTurtleID2022_t202
15207,SeaTurtleID2022_t099
15208,SeaTurtleID2022_t238
